https://api.sos.ca.gov
This file lists all available endpoints for the California 2022 General Election


https://api.sos.ca.gov/returns/governor
https://api.sos.ca.gov/returns/governor/county/alameda
https://api.sos.ca.gov/returns/governor/county/alpine
https://api.sos.ca.gov/returns/governor/county/amador
https://api.sos.ca.gov/returns/governor/county/butte
https://api.sos.ca.gov/returns/governor/county/calaveras
https://api.sos.ca.gov/returns/governor/county/colusa
https://api.sos.ca.gov/returns/governor/county/contra-costa
https://api.sos.ca.gov/returns/governor/county/del-norte
https://api.sos.ca.gov/returns/governor/county/el-dorado
https://api.sos.ca.gov/returns/governor/county/fresno
https://api.sos.ca.gov/returns/governor/county/glenn
https://api.sos.ca.gov/returns/governor/county/humboldt
https://api.sos.ca.gov/returns/governor/county/imperial
https://api.sos.ca.gov/returns/governor/county/inyo
https://api.sos.ca.gov/returns/governor/county/kern
https://api.sos.ca.gov/returns/governor/county/kings
https://api.sos.ca.gov/returns/governor/county/lake
https://api.sos.ca.gov/returns/governor/county/lassen
https://api.sos.ca.gov/returns/governor/county/los-angeles
https://api.sos.ca.gov/returns/governor/county/madera
https://api.sos.ca.gov/returns/governor/county/marin
https://api.sos.ca.gov/returns/governor/county/mariposa
https://api.sos.ca.gov/returns/governor/county/mendocino
https://api.sos.ca.gov/returns/governor/county/merced
https://api.sos.ca.gov/returns/governor/county/modoc
https://api.sos.ca.gov/returns/governor/county/mono
https://api.sos.ca.gov/returns/governor/county/monterey
https://api.sos.ca.gov/returns/governor/county/napa
https://api.sos.ca.gov/returns/governor/county/nevada
https://api.sos.ca.gov/returns/governor/county/orange
https://api.sos.ca.gov/returns/governor/county/placer
https://api.sos.ca.gov/returns/governor/county/plumas
https://api.sos.ca.gov/returns/governor/county/riverside
https://api.sos.ca.gov/returns/governor/county/sacramento
https://api.sos.ca.gov/returns/governor/county/san-benito
https://api.sos.ca.gov/returns/governor/county/san-bernardino
https://api.sos.ca.gov/returns/governor/county/san-diego
https://api.sos.ca.gov/returns/governor/county/san-francisco
https://api.sos.ca.gov/returns/governor/county/san-joaquin
https://api.sos.ca.gov/returns/governor/county/san-luis-obispo
https://api.sos.ca.gov/returns/governor/county/san-mateo
https://api.sos.ca.gov/returns/governor/county/santa-barbara
https://api.sos.ca.gov/returns/governor/county/santa-clara
https://api.sos.ca.gov/returns/governor/county/santa-cruz
https://api.sos.ca.gov/returns/governor/county/shasta
https://api.sos.ca.gov/returns/governor/county/sierra
https://api.sos.ca.gov/returns/governor/county/siskiyou
https://api.sos.ca.gov/returns/governor/county/solano
https://api.sos.ca.gov/returns/governor/county/sonoma
https://api.sos.ca.gov/returns/governor/county/stanislaus
https://api.sos.ca.gov/returns/governor/county/sutter
https://api.sos.ca.gov/returns/governor/county/tehama
https://api.sos.ca.gov/returns/governor/county/trinity
https://api.sos.ca.gov/returns/governor/county/tulare
https://api.sos.ca.gov/returns/governor/county/tuolumne
https://api.sos.ca.gov/returns/governor/county/ventura
https://api.sos.ca.gov/returns/governor/county/yolo
https://api.sos.ca.gov/returns/governor/county/yuba

https://api.sos.ca.gov/returns/lieutenant-governor
https://api.sos.ca.gov/returns/lieutenant-governor/county/alameda
https://api.sos.ca.gov/returns/lieutenant-governor/county/alpine
https://api.sos.ca.gov/returns/lieutenant-governor/county/amador
https://api.sos.ca.gov/returns/lieutenant-governor/county/butte
https://api.sos.ca.gov/returns/lieutenant-governor/county/calaveras
https://api.sos.ca.gov/returns/lieutenant-governor/county/colusa
https://api.sos.ca.gov/returns/lieutenant-governor/county/contra-costa
https://api.sos.ca.gov/returns/lieutenant-governor/county/del-norte
https://api.sos.ca.gov/returns/lieutenant-governor/county/el-dorado
https://api.sos.ca.gov/returns/lieutenant-governor/county/fresno
https://api.sos.ca.gov/returns/lieutenant-governor/county/glenn
https://api.sos.ca.gov/returns/lieutenant-governor/county/humboldt
https://api.sos.ca.gov/returns/lieutenant-governor/county/imperial
https://api.sos.ca.gov/returns/lieutenant-governor/county/inyo
https://api.sos.ca.gov/returns/lieutenant-governor/county/kern
https://api.sos.ca.gov/returns/lieutenant-governor/county/kings
https://api.sos.ca.gov/returns/lieutenant-governor/county/lake
https://api.sos.ca.gov/returns/lieutenant-governor/county/lassen
https://api.sos.ca.gov/returns/lieutenant-governor/county/los-angeles
https://api.sos.ca.gov/returns/lieutenant-governor/county/madera
https://api.sos.ca.gov/returns/lieutenant-governor/county/marin
https://api.sos.ca.gov/returns/lieutenant-governor/county/mariposa
https://api.sos.ca.gov/returns/lieutenant-governor/county/mendocino
https://api.sos.ca.gov/returns/lieutenant-governor/county/merced
https://api.sos.ca.gov/returns/lieutenant-governor/county/modoc
https://api.sos.ca.gov/returns/lieutenant-governor/county/mono
https://api.sos.ca.gov/returns/lieutenant-governor/county/monterey
https://api.sos.ca.gov/returns/lieutenant-governor/county/napa
https://api.sos.ca.gov/returns/lieutenant-governor/county/nevada
https://api.sos.ca.gov/returns/lieutenant-governor/county/orange
https://api.sos.ca.gov/returns/lieutenant-governor/county/placer
https://api.sos.ca.gov/returns/lieutenant-governor/county/plumas
https://api.sos.ca.gov/returns/lieutenant-governor/county/riverside
https://api.sos.ca.gov/returns/lieutenant-governor/county/sacramento
https://api.sos.ca.gov/returns/lieutenant-governor/county/san-benito
https://api.sos.ca.gov/returns/lieutenant-governor/county/san-bernardino
https://api.sos.ca.gov/returns/lieutenant-governor/county/san-diego
https://api.sos.ca.gov/returns/lieutenant-governor/county/san-francisco
https://api.sos.ca.gov/returns/lieutenant-governor/county/san-joaquin
https://api.sos.ca.gov/returns/lieutenant-governor/county/san-luis-obispo
https://api.sos.ca.gov/returns/lieutenant-governor/county/san-mateo
https://api.sos.ca.gov/returns/lieutenant-governor/county/santa-barbara
https://api.sos.ca.gov/returns/lieutenant-governor/county/santa-clara
https://api.sos.ca.gov/returns/lieutenant-governor/county/santa-cruz
https://api.sos.ca.gov/returns/lieutenant-governor/county/shasta
https://api.sos.ca.gov/returns/lieutenant-governor/county/sierra
https://api.sos.ca.gov/returns/lieutenant-governor/county/siskiyou
https://api.sos.ca.gov/returns/lieutenant-governor/county/solano
https://api.sos.ca.gov/returns/lieutenant-governor/county/sonoma
https://api.sos.ca.gov/returns/lieutenant-governor/county/stanislaus
https://api.sos.ca.gov/returns/lieutenant-governor/county/sutter
https://api.sos.ca.gov/returns/lieutenant-governor/county/tehama
https://api.sos.ca.gov/returns/lieutenant-governor/county/trinity
https://api.sos.ca.gov/returns/lieutenant-governor/county/tulare
https://api.sos.ca.gov/returns/lieutenant-governor/county/tuolumne
https://api.sos.ca.gov/returns/lieutenant-governor/county/ventura
https://api.sos.ca.gov/returns/lieutenant-governor/county/yolo
https://api.sos.ca.gov/returns/lieutenant-governor/county/yuba

https://api.sos.ca.gov/returns/secretary-of-state
https://api.sos.ca.gov/returns/secretary-of-state/county/alameda
https://api.sos.ca.gov/returns/secretary-of-state/county/alpine
https://api.sos.ca.gov/returns/secretary-of-state/county/amador
https://api.sos.ca.gov/returns/secretary-of-state/county/butte
https://api.sos.ca.gov/returns/secretary-of-state/county/calaveras
https://api.sos.ca.gov/returns/secretary-of-state/county/colusa
https://api.sos.ca.gov/returns/secretary-of-state/county/contra-costa
https://api.sos.ca.gov/returns/secretary-of-state/county/del-norte
https://api.sos.ca.gov/returns/secretary-of-state/county/el-dorado
https://api.sos.ca.gov/returns/secretary-of-state/county/fresno
https://api.sos.ca.gov/returns/secretary-of-state/county/glenn
https://api.sos.ca.gov/returns/secretary-of-state/county/humboldt
https://api.sos.ca.gov/returns/secretary-of-state/county/imperial
https://api.sos.ca.gov/returns/secretary-of-state/county/inyo
https://api.sos.ca.gov/returns/secretary-of-state/county/kern
https://api.sos.ca.gov/returns/secretary-of-state/county/kings
https://api.sos.ca.gov/returns/secretary-of-state/county/lake
https://api.sos.ca.gov/returns/secretary-of-state/county/lassen
https://api.sos.ca.gov/returns/secretary-of-state/county/los-angeles
https://api.sos.ca.gov/returns/secretary-of-state/county/madera
https://api.sos.ca.gov/returns/secretary-of-state/county/marin
https://api.sos.ca.gov/returns/secretary-of-state/county/mariposa
https://api.sos.ca.gov/returns/secretary-of-state/county/mendocino
https://api.sos.ca.gov/returns/secretary-of-state/county/merced
https://api.sos.ca.gov/returns/secretary-of-state/county/modoc
https://api.sos.ca.gov/returns/secretary-of-state/county/mono
https://api.sos.ca.gov/returns/secretary-of-state/county/monterey
https://api.sos.ca.gov/returns/secretary-of-state/county/napa
https://api.sos.ca.gov/returns/secretary-of-state/county/nevada
https://api.sos.ca.gov/returns/secretary-of-state/county/orange
https://api.sos.ca.gov/returns/secretary-of-state/county/placer
https://api.sos.ca.gov/returns/secretary-of-state/county/plumas
https://api.sos.ca.gov/returns/secretary-of-state/county/riverside
https://api.sos.ca.gov/returns/secretary-of-state/county/sacramento
https://api.sos.ca.gov/returns/secretary-of-state/county/san-benito
https://api.sos.ca.gov/returns/secretary-of-state/county/san-bernardino
https://api.sos.ca.gov/returns/secretary-of-state/county/san-diego
https://api.sos.ca.gov/returns/secretary-of-state/county/san-francisco
https://api.sos.ca.gov/returns/secretary-of-state/county/san-joaquin
https://api.sos.ca.gov/returns/secretary-of-state/county/san-luis-obispo
https://api.sos.ca.gov/returns/secretary-of-state/county/san-mateo
https://api.sos.ca.gov/returns/secretary-of-state/county/santa-barbara
https://api.sos.ca.gov/returns/secretary-of-state/county/santa-clara
https://api.sos.ca.gov/returns/secretary-of-state/county/santa-cruz
https://api.sos.ca.gov/returns/secretary-of-state/county/shasta
https://api.sos.ca.gov/returns/secretary-of-state/county/sierra
https://api.sos.ca.gov/returns/secretary-of-state/county/siskiyou
https://api.sos.ca.gov/returns/secretary-of-state/county/solano
https://api.sos.ca.gov/returns/secretary-of-state/county/sonoma
https://api.sos.ca.gov/returns/secretary-of-state/county/stanislaus
https://api.sos.ca.gov/returns/secretary-of-state/county/sutter
https://api.sos.ca.gov/returns/secretary-of-state/county/tehama
https://api.sos.ca.gov/returns/secretary-of-state/county/trinity
https://api.sos.ca.gov/returns/secretary-of-state/county/tulare
https://api.sos.ca.gov/returns/secretary-of-state/county/tuolumne
https://api.sos.ca.gov/returns/secretary-of-state/county/ventura
https://api.sos.ca.gov/returns/secretary-of-state/county/yolo
https://api.sos.ca.gov/returns/secretary-of-state/county/yuba

https://api.sos.ca.gov/returns/controller
https://api.sos.ca.gov/returns/controller/county/alameda
https://api.sos.ca.gov/returns/controller/county/alpine
https://api.sos.ca.gov/returns/controller/county/amador
https://api.sos.ca.gov/returns/controller/county/butte
https://api.sos.ca.gov/returns/controller/county/calaveras
https://api.sos.ca.gov/returns/controller/county/colusa
https://api.sos.ca.gov/returns/controller/county/contra-costa
https://api.sos.ca.gov/returns/controller/county/del-norte
https://api.sos.ca.gov/returns/controller/county/el-dorado
https://api.sos.ca.gov/returns/controller/county/fresno
https://api.sos.ca.gov/returns/controller/county/glenn
https://api.sos.ca.gov/returns/controller/county/humboldt
https://api.sos.ca.gov/returns/controller/county/imperial
https://api.sos.ca.gov/returns/controller/county/inyo
https://api.sos.ca.gov/returns/controller/county/kern
https://api.sos.ca.gov/returns/controller/county/kings
https://api.sos.ca.gov/returns/controller/county/lake
https://api.sos.ca.gov/returns/controller/county/lassen
https://api.sos.ca.gov/returns/controller/county/los-angeles
https://api.sos.ca.gov/returns/controller/county/madera
https://api.sos.ca.gov/returns/controller/county/marin
https://api.sos.ca.gov/returns/controller/county/mariposa
https://api.sos.ca.gov/returns/controller/county/mendocino
https://api.sos.ca.gov/returns/controller/county/merced
https://api.sos.ca.gov/returns/controller/county/modoc
https://api.sos.ca.gov/returns/controller/county/mono
https://api.sos.ca.gov/returns/controller/county/monterey
https://api.sos.ca.gov/returns/controller/county/napa
https://api.sos.ca.gov/returns/controller/county/nevada
https://api.sos.ca.gov/returns/controller/county/orange
https://api.sos.ca.gov/returns/controller/county/placer
https://api.sos.ca.gov/returns/controller/county/plumas
https://api.sos.ca.gov/returns/controller/county/riverside
https://api.sos.ca.gov/returns/controller/county/sacramento
https://api.sos.ca.gov/returns/controller/county/san-benito
https://api.sos.ca.gov/returns/controller/county/san-bernardino
https://api.sos.ca.gov/returns/controller/county/san-diego
https://api.sos.ca.gov/returns/controller/county/san-francisco
https://api.sos.ca.gov/returns/controller/county/san-joaquin
https://api.sos.ca.gov/returns/controller/county/san-luis-obispo
https://api.sos.ca.gov/returns/controller/county/san-mateo
https://api.sos.ca.gov/returns/controller/county/santa-barbara
https://api.sos.ca.gov/returns/controller/county/santa-clara
https://api.sos.ca.gov/returns/controller/county/santa-cruz
https://api.sos.ca.gov/returns/controller/county/shasta
https://api.sos.ca.gov/returns/controller/county/sierra
https://api.sos.ca.gov/returns/controller/county/siskiyou
https://api.sos.ca.gov/returns/controller/county/solano
https://api.sos.ca.gov/returns/controller/county/sonoma
https://api.sos.ca.gov/returns/controller/county/stanislaus
https://api.sos.ca.gov/returns/controller/county/sutter
https://api.sos.ca.gov/returns/controller/county/tehama
https://api.sos.ca.gov/returns/controller/county/trinity
https://api.sos.ca.gov/returns/controller/county/tulare
https://api.sos.ca.gov/returns/controller/county/tuolumne
https://api.sos.ca.gov/returns/controller/county/ventura
https://api.sos.ca.gov/returns/controller/county/yolo
https://api.sos.ca.gov/returns/controller/county/yuba

https://api.sos.ca.gov/returns/treasurer
https://api.sos.ca.gov/returns/treasurer/county/alameda
https://api.sos.ca.gov/returns/treasurer/county/alpine
https://api.sos.ca.gov/returns/treasurer/county/amador
https://api.sos.ca.gov/returns/treasurer/county/butte
https://api.sos.ca.gov/returns/treasurer/county/calaveras
https://api.sos.ca.gov/returns/treasurer/county/colusa
https://api.sos.ca.gov/returns/treasurer/county/contra-costa
https://api.sos.ca.gov/returns/treasurer/county/del-norte
https://api.sos.ca.gov/returns/treasurer/county/el-dorado
https://api.sos.ca.gov/returns/treasurer/county/fresno
https://api.sos.ca.gov/returns/treasurer/county/glenn
https://api.sos.ca.gov/returns/treasurer/county/humboldt
https://api.sos.ca.gov/returns/treasurer/county/imperial
https://api.sos.ca.gov/returns/treasurer/county/inyo
https://api.sos.ca.gov/returns/treasurer/county/kern
https://api.sos.ca.gov/returns/treasurer/county/kings
https://api.sos.ca.gov/returns/treasurer/county/lake
https://api.sos.ca.gov/returns/treasurer/county/lassen
https://api.sos.ca.gov/returns/treasurer/county/los-angeles
https://api.sos.ca.gov/returns/treasurer/county/madera
https://api.sos.ca.gov/returns/treasurer/county/marin
https://api.sos.ca.gov/returns/treasurer/county/mariposa
https://api.sos.ca.gov/returns/treasurer/county/mendocino
https://api.sos.ca.gov/returns/treasurer/county/merced
https://api.sos.ca.gov/returns/treasurer/county/modoc
https://api.sos.ca.gov/returns/treasurer/county/mono
https://api.sos.ca.gov/returns/treasurer/county/monterey
https://api.sos.ca.gov/returns/treasurer/county/napa
https://api.sos.ca.gov/returns/treasurer/county/nevada
https://api.sos.ca.gov/returns/treasurer/county/orange
https://api.sos.ca.gov/returns/treasurer/county/placer
https://api.sos.ca.gov/returns/treasurer/county/plumas
https://api.sos.ca.gov/returns/treasurer/county/riverside
https://api.sos.ca.gov/returns/treasurer/county/sacramento
https://api.sos.ca.gov/returns/treasurer/county/san-benito
https://api.sos.ca.gov/returns/treasurer/county/san-bernardino
https://api.sos.ca.gov/returns/treasurer/county/san-diego
https://api.sos.ca.gov/returns/treasurer/county/san-francisco
https://api.sos.ca.gov/returns/treasurer/county/san-joaquin
https://api.sos.ca.gov/returns/treasurer/county/san-luis-obispo
https://api.sos.ca.gov/returns/treasurer/county/san-mateo
https://api.sos.ca.gov/returns/treasurer/county/santa-barbara
https://api.sos.ca.gov/returns/treasurer/county/santa-clara
https://api.sos.ca.gov/returns/treasurer/county/santa-cruz
https://api.sos.ca.gov/returns/treasurer/county/shasta
https://api.sos.ca.gov/returns/treasurer/county/sierra
https://api.sos.ca.gov/returns/treasurer/county/siskiyou
https://api.sos.ca.gov/returns/treasurer/county/solano
https://api.sos.ca.gov/returns/treasurer/county/sonoma
https://api.sos.ca.gov/returns/treasurer/county/stanislaus
https://api.sos.ca.gov/returns/treasurer/county/sutter
https://api.sos.ca.gov/returns/treasurer/county/tehama
https://api.sos.ca.gov/returns/treasurer/county/trinity
https://api.sos.ca.gov/returns/treasurer/county/tulare
https://api.sos.ca.gov/returns/treasurer/county/tuolumne
https://api.sos.ca.gov/returns/treasurer/county/ventura
https://api.sos.ca.gov/returns/treasurer/county/yolo
https://api.sos.ca.gov/returns/treasurer/county/yuba

https://api.sos.ca.gov/returns/attorney-general
https://api.sos.ca.gov/returns/attorney-general/county/alameda
https://api.sos.ca.gov/returns/attorney-general/county/alpine
https://api.sos.ca.gov/returns/attorney-general/county/amador
https://api.sos.ca.gov/returns/attorney-general/county/butte
https://api.sos.ca.gov/returns/attorney-general/county/calaveras
https://api.sos.ca.gov/returns/attorney-general/county/colusa
https://api.sos.ca.gov/returns/attorney-general/county/contra-costa
https://api.sos.ca.gov/returns/attorney-general/county/del-norte
https://api.sos.ca.gov/returns/attorney-general/county/el-dorado
https://api.sos.ca.gov/returns/attorney-general/county/fresno
https://api.sos.ca.gov/returns/attorney-general/county/glenn
https://api.sos.ca.gov/returns/attorney-general/county/humboldt
https://api.sos.ca.gov/returns/attorney-general/county/imperial
https://api.sos.ca.gov/returns/attorney-general/county/inyo
https://api.sos.ca.gov/returns/attorney-general/county/kern
https://api.sos.ca.gov/returns/attorney-general/county/kings
https://api.sos.ca.gov/returns/attorney-general/county/lake
https://api.sos.ca.gov/returns/attorney-general/county/lassen
https://api.sos.ca.gov/returns/attorney-general/county/los-angeles
https://api.sos.ca.gov/returns/attorney-general/county/madera
https://api.sos.ca.gov/returns/attorney-general/county/marin
https://api.sos.ca.gov/returns/attorney-general/county/mariposa
https://api.sos.ca.gov/returns/attorney-general/county/mendocino
https://api.sos.ca.gov/returns/attorney-general/county/merced
https://api.sos.ca.gov/returns/attorney-general/county/modoc
https://api.sos.ca.gov/returns/attorney-general/county/mono
https://api.sos.ca.gov/returns/attorney-general/county/monterey
https://api.sos.ca.gov/returns/attorney-general/county/napa
https://api.sos.ca.gov/returns/attorney-general/county/nevada
https://api.sos.ca.gov/returns/attorney-general/county/orange
https://api.sos.ca.gov/returns/attorney-general/county/placer
https://api.sos.ca.gov/returns/attorney-general/county/plumas
https://api.sos.ca.gov/returns/attorney-general/county/riverside
https://api.sos.ca.gov/returns/attorney-general/county/sacramento
https://api.sos.ca.gov/returns/attorney-general/county/san-benito
https://api.sos.ca.gov/returns/attorney-general/county/san-bernardino
https://api.sos.ca.gov/returns/attorney-general/county/san-diego
https://api.sos.ca.gov/returns/attorney-general/county/san-francisco
https://api.sos.ca.gov/returns/attorney-general/county/san-joaquin
https://api.sos.ca.gov/returns/attorney-general/county/san-luis-obispo
https://api.sos.ca.gov/returns/attorney-general/county/san-mateo
https://api.sos.ca.gov/returns/attorney-general/county/santa-barbara
https://api.sos.ca.gov/returns/attorney-general/county/santa-clara
https://api.sos.ca.gov/returns/attorney-general/county/santa-cruz
https://api.sos.ca.gov/returns/attorney-general/county/shasta
https://api.sos.ca.gov/returns/attorney-general/county/sierra
https://api.sos.ca.gov/returns/attorney-general/county/siskiyou
https://api.sos.ca.gov/returns/attorney-general/county/solano
https://api.sos.ca.gov/returns/attorney-general/county/sonoma
https://api.sos.ca.gov/returns/attorney-general/county/stanislaus
https://api.sos.ca.gov/returns/attorney-general/county/sutter
https://api.sos.ca.gov/returns/attorney-general/county/tehama
https://api.sos.ca.gov/returns/attorney-general/county/trinity
https://api.sos.ca.gov/returns/attorney-general/county/tulare
https://api.sos.ca.gov/returns/attorney-general/county/tuolumne
https://api.sos.ca.gov/returns/attorney-general/county/ventura
https://api.sos.ca.gov/returns/attorney-general/county/yolo
https://api.sos.ca.gov/returns/attorney-general/county/yuba

https://api.sos.ca.gov/returns/insurance-commissioner
https://api.sos.ca.gov/returns/insurance-commissioner/county/alameda
https://api.sos.ca.gov/returns/insurance-commissioner/county/alpine
https://api.sos.ca.gov/returns/insurance-commissioner/county/amador
https://api.sos.ca.gov/returns/insurance-commissioner/county/butte
https://api.sos.ca.gov/returns/insurance-commissioner/county/calaveras
https://api.sos.ca.gov/returns/insurance-commissioner/county/colusa
https://api.sos.ca.gov/returns/insurance-commissioner/county/contra-costa
https://api.sos.ca.gov/returns/insurance-commissioner/county/del-norte
https://api.sos.ca.gov/returns/insurance-commissioner/county/el-dorado
https://api.sos.ca.gov/returns/insurance-commissioner/county/fresno
https://api.sos.ca.gov/returns/insurance-commissioner/county/glenn
https://api.sos.ca.gov/returns/insurance-commissioner/county/humboldt
https://api.sos.ca.gov/returns/insurance-commissioner/county/imperial
https://api.sos.ca.gov/returns/insurance-commissioner/county/inyo
https://api.sos.ca.gov/returns/insurance-commissioner/county/kern
https://api.sos.ca.gov/returns/insurance-commissioner/county/kings
https://api.sos.ca.gov/returns/insurance-commissioner/county/lake
https://api.sos.ca.gov/returns/insurance-commissioner/county/lassen
https://api.sos.ca.gov/returns/insurance-commissioner/county/los-angeles
https://api.sos.ca.gov/returns/insurance-commissioner/county/madera
https://api.sos.ca.gov/returns/insurance-commissioner/county/marin
https://api.sos.ca.gov/returns/insurance-commissioner/county/mariposa
https://api.sos.ca.gov/returns/insurance-commissioner/county/mendocino
https://api.sos.ca.gov/returns/insurance-commissioner/county/merced
https://api.sos.ca.gov/returns/insurance-commissioner/county/modoc
https://api.sos.ca.gov/returns/insurance-commissioner/county/mono
https://api.sos.ca.gov/returns/insurance-commissioner/county/monterey
https://api.sos.ca.gov/returns/insurance-commissioner/county/napa
https://api.sos.ca.gov/returns/insurance-commissioner/county/nevada
https://api.sos.ca.gov/returns/insurance-commissioner/county/orange
https://api.sos.ca.gov/returns/insurance-commissioner/county/placer
https://api.sos.ca.gov/returns/insurance-commissioner/county/plumas
https://api.sos.ca.gov/returns/insurance-commissioner/county/riverside
https://api.sos.ca.gov/returns/insurance-commissioner/county/sacramento
https://api.sos.ca.gov/returns/insurance-commissioner/county/san-benito
https://api.sos.ca.gov/returns/insurance-commissioner/county/san-bernardino
https://api.sos.ca.gov/returns/insurance-commissioner/county/san-diego
https://api.sos.ca.gov/returns/insurance-commissioner/county/san-francisco
https://api.sos.ca.gov/returns/insurance-commissioner/county/san-joaquin
https://api.sos.ca.gov/returns/insurance-commissioner/county/san-luis-obispo
https://api.sos.ca.gov/returns/insurance-commissioner/county/san-mateo
https://api.sos.ca.gov/returns/insurance-commissioner/county/santa-barbara
https://api.sos.ca.gov/returns/insurance-commissioner/county/santa-clara
https://api.sos.ca.gov/returns/insurance-commissioner/county/santa-cruz
https://api.sos.ca.gov/returns/insurance-commissioner/county/shasta
https://api.sos.ca.gov/returns/insurance-commissioner/county/sierra
https://api.sos.ca.gov/returns/insurance-commissioner/county/siskiyou
https://api.sos.ca.gov/returns/insurance-commissioner/county/solano
https://api.sos.ca.gov/returns/insurance-commissioner/county/sonoma
https://api.sos.ca.gov/returns/insurance-commissioner/county/stanislaus
https://api.sos.ca.gov/returns/insurance-commissioner/county/sutter
https://api.sos.ca.gov/returns/insurance-commissioner/county/tehama
https://api.sos.ca.gov/returns/insurance-commissioner/county/trinity
https://api.sos.ca.gov/returns/insurance-commissioner/county/tulare
https://api.sos.ca.gov/returns/insurance-commissioner/county/tuolumne
https://api.sos.ca.gov/returns/insurance-commissioner/county/ventura
https://api.sos.ca.gov/returns/insurance-commissioner/county/yolo
https://api.sos.ca.gov/returns/insurance-commissioner/county/yuba

https://api.sos.ca.gov/returns/superintendent-of-public-instruction
https://api.sos.ca.gov/returns/superintendent-of-public-instruction/county/alameda
https://api.sos.ca.gov/returns/superintendent-of-public-instruction/county/alpine
https://api.sos.ca.gov/returns/superintendent-of-public-instruction/county/amador
https://api.sos.ca.gov/returns/superintendent-of-public-instruction/county/butte
https://api.sos.ca.gov/returns/superintendent-of-public-instruction/county/calaveras
https://api.sos.ca.gov/returns/superintendent-of-public-instruction/county/colusa
https://api.sos.ca.gov/returns/superintendent-of-public-instruction/county/contra-costa
https://api.sos.ca.gov/returns/superintendent-of-public-instruction/county/del-norte
https://api.sos.ca.gov/returns/superintendent-of-public-instruction/county/el-dorado
https://api.sos.ca.gov/returns/superintendent-of-public-instruction/county/fresno
https://api.sos.ca.gov/returns/superintendent-of-public-instruction/county/glenn
https://api.sos.ca.gov/returns/superintendent-of-public-instruction/county/humboldt
https://api.sos.ca.gov/returns/superintendent-of-public-instruction/county/imperial
https://api.sos.ca.gov/returns/superintendent-of-public-instruction/county/inyo
https://api.sos.ca.gov/returns/superintendent-of-public-instruction/county/kern
https://api.sos.ca.gov/returns/superintendent-of-public-instruction/county/kings
https://api.sos.ca.gov/returns/superintendent-of-public-instruction/county/lake
https://api.sos.ca.gov/returns/superintendent-of-public-instruction/county/lassen
https://api.sos.ca.gov/returns/superintendent-of-public-instruction/county/los-angeles
https://api.sos.ca.gov/returns/superintendent-of-public-instruction/county/madera
https://api.sos.ca.gov/returns/superintendent-of-public-instruction/county/marin
https://api.sos.ca.gov/returns/superintendent-of-public-instruction/county/mariposa
https://api.sos.ca.gov/returns/superintendent-of-public-instruction/county/mendocino
https://api.sos.ca.gov/returns/superintendent-of-public-instruction/county/merced
https://api.sos.ca.gov/returns/superintendent-of-public-instruction/county/modoc
https://api.sos.ca.gov/returns/superintendent-of-public-instruction/county/mono
https://api.sos.ca.gov/returns/superintendent-of-public-instruction/county/monterey
https://api.sos.ca.gov/returns/superintendent-of-public-instruction/county/napa
https://api.sos.ca.gov/returns/superintendent-of-public-instruction/county/nevada
https://api.sos.ca.gov/returns/superintendent-of-public-instruction/county/orange
https://api.sos.ca.gov/returns/superintendent-of-public-instruction/county/placer
https://api.sos.ca.gov/returns/superintendent-of-public-instruction/county/plumas
https://api.sos.ca.gov/returns/superintendent-of-public-instruction/county/riverside
https://api.sos.ca.gov/returns/superintendent-of-public-instruction/county/sacramento
https://api.sos.ca.gov/returns/superintendent-of-public-instruction/county/san-benito
https://api.sos.ca.gov/returns/superintendent-of-public-instruction/county/san-bernardino
https://api.sos.ca.gov/returns/superintendent-of-public-instruction/county/san-diego
https://api.sos.ca.gov/returns/superintendent-of-public-instruction/county/san-francisco
https://api.sos.ca.gov/returns/superintendent-of-public-instruction/county/san-joaquin
https://api.sos.ca.gov/returns/superintendent-of-public-instruction/county/san-luis-obispo
https://api.sos.ca.gov/returns/superintendent-of-public-instruction/county/san-mateo
https://api.sos.ca.gov/returns/superintendent-of-public-instruction/county/santa-barbara
https://api.sos.ca.gov/returns/superintendent-of-public-instruction/county/santa-clara
https://api.sos.ca.gov/returns/superintendent-of-public-instruction/county/santa-cruz
https://api.sos.ca.gov/returns/superintendent-of-public-instruction/county/shasta
https://api.sos.ca.gov/returns/superintendent-of-public-instruction/county/sierra
https://api.sos.ca.gov/returns/superintendent-of-public-instruction/county/siskiyou
https://api.sos.ca.gov/returns/superintendent-of-public-instruction/county/solano
https://api.sos.ca.gov/returns/superintendent-of-public-instruction/county/sonoma
https://api.sos.ca.gov/returns/superintendent-of-public-instruction/county/stanislaus
https://api.sos.ca.gov/returns/superintendent-of-public-instruction/county/sutter
https://api.sos.ca.gov/returns/superintendent-of-public-instruction/county/tehama
https://api.sos.ca.gov/returns/superintendent-of-public-instruction/county/trinity
https://api.sos.ca.gov/returns/superintendent-of-public-instruction/county/tulare
https://api.sos.ca.gov/returns/superintendent-of-public-instruction/county/tuolumne
https://api.sos.ca.gov/returns/superintendent-of-public-instruction/county/ventura
https://api.sos.ca.gov/returns/superintendent-of-public-instruction/county/yolo
https://api.sos.ca.gov/returns/superintendent-of-public-instruction/county/yuba

https://api.sos.ca.gov/returns/us-senate
https://api.sos.ca.gov/returns/us-senate/county/alameda
https://api.sos.ca.gov/returns/us-senate/county/alpine
https://api.sos.ca.gov/returns/us-senate/county/amador
https://api.sos.ca.gov/returns/us-senate/county/butte
https://api.sos.ca.gov/returns/us-senate/county/calaveras
https://api.sos.ca.gov/returns/us-senate/county/colusa
https://api.sos.ca.gov/returns/us-senate/county/contra-costa
https://api.sos.ca.gov/returns/us-senate/county/del-norte
https://api.sos.ca.gov/returns/us-senate/county/el-dorado
https://api.sos.ca.gov/returns/us-senate/county/fresno
https://api.sos.ca.gov/returns/us-senate/county/glenn
https://api.sos.ca.gov/returns/us-senate/county/humboldt
https://api.sos.ca.gov/returns/us-senate/county/imperial
https://api.sos.ca.gov/returns/us-senate/county/inyo
https://api.sos.ca.gov/returns/us-senate/county/kern
https://api.sos.ca.gov/returns/us-senate/county/kings
https://api.sos.ca.gov/returns/us-senate/county/lake
https://api.sos.ca.gov/returns/us-senate/county/lassen
https://api.sos.ca.gov/returns/us-senate/county/los-angeles
https://api.sos.ca.gov/returns/us-senate/county/madera
https://api.sos.ca.gov/returns/us-senate/county/marin
https://api.sos.ca.gov/returns/us-senate/county/mariposa
https://api.sos.ca.gov/returns/us-senate/county/mendocino
https://api.sos.ca.gov/returns/us-senate/county/merced
https://api.sos.ca.gov/returns/us-senate/county/modoc
https://api.sos.ca.gov/returns/us-senate/county/mono
https://api.sos.ca.gov/returns/us-senate/county/monterey
https://api.sos.ca.gov/returns/us-senate/county/napa
https://api.sos.ca.gov/returns/us-senate/county/nevada
https://api.sos.ca.gov/returns/us-senate/county/orange
https://api.sos.ca.gov/returns/us-senate/county/placer
https://api.sos.ca.gov/returns/us-senate/county/plumas
https://api.sos.ca.gov/returns/us-senate/county/riverside
https://api.sos.ca.gov/returns/us-senate/county/sacramento
https://api.sos.ca.gov/returns/us-senate/county/san-benito
https://api.sos.ca.gov/returns/us-senate/county/san-bernardino
https://api.sos.ca.gov/returns/us-senate/county/san-diego
https://api.sos.ca.gov/returns/us-senate/county/san-francisco
https://api.sos.ca.gov/returns/us-senate/county/san-joaquin
https://api.sos.ca.gov/returns/us-senate/county/san-luis-obispo
https://api.sos.ca.gov/returns/us-senate/county/san-mateo
https://api.sos.ca.gov/returns/us-senate/county/santa-barbara
https://api.sos.ca.gov/returns/us-senate/county/santa-clara
https://api.sos.ca.gov/returns/us-senate/county/santa-cruz
https://api.sos.ca.gov/returns/us-senate/county/shasta
https://api.sos.ca.gov/returns/us-senate/county/sierra
https://api.sos.ca.gov/returns/us-senate/county/siskiyou
https://api.sos.ca.gov/returns/us-senate/county/solano
https://api.sos.ca.gov/returns/us-senate/county/sonoma
https://api.sos.ca.gov/returns/us-senate/county/stanislaus
https://api.sos.ca.gov/returns/us-senate/county/sutter
https://api.sos.ca.gov/returns/us-senate/county/tehama
https://api.sos.ca.gov/returns/us-senate/county/trinity
https://api.sos.ca.gov/returns/us-senate/county/tulare
https://api.sos.ca.gov/returns/us-senate/county/tuolumne
https://api.sos.ca.gov/returns/us-senate/county/ventura
https://api.sos.ca.gov/returns/us-senate/county/yolo
https://api.sos.ca.gov/returns/us-senate/county/yuba

https://api.sos.ca.gov/returns/us-senate-unexpired-term
https://api.sos.ca.gov/returns/us-senate-unexpired-term/county/alameda
https://api.sos.ca.gov/returns/us-senate-unexpired-term/county/alpine
https://api.sos.ca.gov/returns/us-senate-unexpired-term/county/amador
https://api.sos.ca.gov/returns/us-senate-unexpired-term/county/butte
https://api.sos.ca.gov/returns/us-senate-unexpired-term/county/calaveras
https://api.sos.ca.gov/returns/us-senate-unexpired-term/county/colusa
https://api.sos.ca.gov/returns/us-senate-unexpired-term/county/contra-costa
https://api.sos.ca.gov/returns/us-senate-unexpired-term/county/del-norte
https://api.sos.ca.gov/returns/us-senate-unexpired-term/county/el-dorado
https://api.sos.ca.gov/returns/us-senate-unexpired-term/county/fresno
https://api.sos.ca.gov/returns/us-senate-unexpired-term/county/glenn
https://api.sos.ca.gov/returns/us-senate-unexpired-term/county/humboldt
https://api.sos.ca.gov/returns/us-senate-unexpired-term/county/imperial
https://api.sos.ca.gov/returns/us-senate-unexpired-term/county/inyo
https://api.sos.ca.gov/returns/us-senate-unexpired-term/county/kern
https://api.sos.ca.gov/returns/us-senate-unexpired-term/county/kings
https://api.sos.ca.gov/returns/us-senate-unexpired-term/county/lake
https://api.sos.ca.gov/returns/us-senate-unexpired-term/county/lassen
https://api.sos.ca.gov/returns/us-senate-unexpired-term/county/los-angeles
https://api.sos.ca.gov/returns/us-senate-unexpired-term/county/madera
https://api.sos.ca.gov/returns/us-senate-unexpired-term/county/marin
https://api.sos.ca.gov/returns/us-senate-unexpired-term/county/mariposa
https://api.sos.ca.gov/returns/us-senate-unexpired-term/county/mendocino
https://api.sos.ca.gov/returns/us-senate-unexpired-term/county/merced
https://api.sos.ca.gov/returns/us-senate-unexpired-term/county/modoc
https://api.sos.ca.gov/returns/us-senate-unexpired-term/county/mono
https://api.sos.ca.gov/returns/us-senate-unexpired-term/county/monterey
https://api.sos.ca.gov/returns/us-senate-unexpired-term/county/napa
https://api.sos.ca.gov/returns/us-senate-unexpired-term/county/nevada
https://api.sos.ca.gov/returns/us-senate-unexpired-term/county/orange
https://api.sos.ca.gov/returns/us-senate-unexpired-term/county/placer
https://api.sos.ca.gov/returns/us-senate-unexpired-term/county/plumas
https://api.sos.ca.gov/returns/us-senate-unexpired-term/county/riverside
https://api.sos.ca.gov/returns/us-senate-unexpired-term/county/sacramento
https://api.sos.ca.gov/returns/us-senate-unexpired-term/county/san-benito
https://api.sos.ca.gov/returns/us-senate-unexpired-term/county/san-bernardino
https://api.sos.ca.gov/returns/us-senate-unexpired-term/county/san-diego
https://api.sos.ca.gov/returns/us-senate-unexpired-term/county/san-francisco
https://api.sos.ca.gov/returns/us-senate-unexpired-term/county/san-joaquin
https://api.sos.ca.gov/returns/us-senate-unexpired-term/county/san-luis-obispo
https://api.sos.ca.gov/returns/us-senate-unexpired-term/county/san-mateo
https://api.sos.ca.gov/returns/us-senate-unexpired-term/county/santa-barbara
https://api.sos.ca.gov/returns/us-senate-unexpired-term/county/santa-clara
https://api.sos.ca.gov/returns/us-senate-unexpired-term/county/santa-cruz
https://api.sos.ca.gov/returns/us-senate-unexpired-term/county/shasta
https://api.sos.ca.gov/returns/us-senate-unexpired-term/county/sierra
https://api.sos.ca.gov/returns/us-senate-unexpired-term/county/siskiyou
https://api.sos.ca.gov/returns/us-senate-unexpired-term/county/solano
https://api.sos.ca.gov/returns/us-senate-unexpired-term/county/sonoma
https://api.sos.ca.gov/returns/us-senate-unexpired-term/county/stanislaus
https://api.sos.ca.gov/returns/us-senate-unexpired-term/county/sutter
https://api.sos.ca.gov/returns/us-senate-unexpired-term/county/tehama
https://api.sos.ca.gov/returns/us-senate-unexpired-term/county/trinity
https://api.sos.ca.gov/returns/us-senate-unexpired-term/county/tulare
https://api.sos.ca.gov/returns/us-senate-unexpired-term/county/tuolumne
https://api.sos.ca.gov/returns/us-senate-unexpired-term/county/ventura
https://api.sos.ca.gov/returns/us-senate-unexpired-term/county/yolo
https://api.sos.ca.gov/returns/us-senate-unexpired-term/county/yuba

https://api.sos.ca.gov/returns/supreme-court
https://api.sos.ca.gov/returns/supreme-court/county/alameda
https://api.sos.ca.gov/returns/supreme-court/county/alpine
https://api.sos.ca.gov/returns/supreme-court/county/amador
https://api.sos.ca.gov/returns/supreme-court/county/butte
https://api.sos.ca.gov/returns/supreme-court/county/calaveras
https://api.sos.ca.gov/returns/supreme-court/county/colusa
https://api.sos.ca.gov/returns/supreme-court/county/contra-costa
https://api.sos.ca.gov/returns/supreme-court/county/del-norte
https://api.sos.ca.gov/returns/supreme-court/county/el-dorado
https://api.sos.ca.gov/returns/supreme-court/county/fresno
https://api.sos.ca.gov/returns/supreme-court/county/glenn
https://api.sos.ca.gov/returns/supreme-court/county/humboldt
https://api.sos.ca.gov/returns/supreme-court/county/imperial
https://api.sos.ca.gov/returns/supreme-court/county/inyo
https://api.sos.ca.gov/returns/supreme-court/county/kern
https://api.sos.ca.gov/returns/supreme-court/county/kings
https://api.sos.ca.gov/returns/supreme-court/county/lake
https://api.sos.ca.gov/returns/supreme-court/county/lassen
https://api.sos.ca.gov/returns/supreme-court/county/los-angeles
https://api.sos.ca.gov/returns/supreme-court/county/madera
https://api.sos.ca.gov/returns/supreme-court/county/marin
https://api.sos.ca.gov/returns/supreme-court/county/mariposa
https://api.sos.ca.gov/returns/supreme-court/county/mendocino
https://api.sos.ca.gov/returns/supreme-court/county/merced
https://api.sos.ca.gov/returns/supreme-court/county/modoc
https://api.sos.ca.gov/returns/supreme-court/county/mono
https://api.sos.ca.gov/returns/supreme-court/county/monterey
https://api.sos.ca.gov/returns/supreme-court/county/napa
https://api.sos.ca.gov/returns/supreme-court/county/nevada
https://api.sos.ca.gov/returns/supreme-court/county/orange
https://api.sos.ca.gov/returns/supreme-court/county/placer
https://api.sos.ca.gov/returns/supreme-court/county/plumas
https://api.sos.ca.gov/returns/supreme-court/county/riverside
https://api.sos.ca.gov/returns/supreme-court/county/sacramento
https://api.sos.ca.gov/returns/supreme-court/county/san-benito
https://api.sos.ca.gov/returns/supreme-court/county/san-bernardino
https://api.sos.ca.gov/returns/supreme-court/county/san-diego
https://api.sos.ca.gov/returns/supreme-court/county/san-francisco
https://api.sos.ca.gov/returns/supreme-court/county/san-joaquin
https://api.sos.ca.gov/returns/supreme-court/county/san-luis-obispo
https://api.sos.ca.gov/returns/supreme-court/county/san-mateo
https://api.sos.ca.gov/returns/supreme-court/county/santa-barbara
https://api.sos.ca.gov/returns/supreme-court/county/santa-clara
https://api.sos.ca.gov/returns/supreme-court/county/santa-cruz
https://api.sos.ca.gov/returns/supreme-court/county/shasta
https://api.sos.ca.gov/returns/supreme-court/county/sierra
https://api.sos.ca.gov/returns/supreme-court/county/siskiyou
https://api.sos.ca.gov/returns/supreme-court/county/solano
https://api.sos.ca.gov/returns/supreme-court/county/sonoma
https://api.sos.ca.gov/returns/supreme-court/county/stanislaus
https://api.sos.ca.gov/returns/supreme-court/county/sutter
https://api.sos.ca.gov/returns/supreme-court/county/tehama
https://api.sos.ca.gov/returns/supreme-court/county/trinity
https://api.sos.ca.gov/returns/supreme-court/county/tulare
https://api.sos.ca.gov/returns/supreme-court/county/tuolumne
https://api.sos.ca.gov/returns/supreme-court/county/ventura
https://api.sos.ca.gov/returns/supreme-court/county/yolo
https://api.sos.ca.gov/returns/supreme-court/county/yuba

https://api.sos.ca.gov/returns/ballot-measures
https://api.sos.ca.gov/returns/ballot-measures/county/alameda
https://api.sos.ca.gov/returns/ballot-measures/county/alpine
https://api.sos.ca.gov/returns/ballot-measures/county/amador
https://api.sos.ca.gov/returns/ballot-measures/county/butte
https://api.sos.ca.gov/returns/ballot-measures/county/calaveras
https://api.sos.ca.gov/returns/ballot-measures/county/colusa
https://api.sos.ca.gov/returns/ballot-measures/county/contra-costa
https://api.sos.ca.gov/returns/ballot-measures/county/del-norte
https://api.sos.ca.gov/returns/ballot-measures/county/el-dorado
https://api.sos.ca.gov/returns/ballot-measures/county/fresno
https://api.sos.ca.gov/returns/ballot-measures/county/glenn
https://api.sos.ca.gov/returns/ballot-measures/county/humboldt
https://api.sos.ca.gov/returns/ballot-measures/county/imperial
https://api.sos.ca.gov/returns/ballot-measures/county/inyo
https://api.sos.ca.gov/returns/ballot-measures/county/kern
https://api.sos.ca.gov/returns/ballot-measures/county/kings
https://api.sos.ca.gov/returns/ballot-measures/county/lake
https://api.sos.ca.gov/returns/ballot-measures/county/lassen
https://api.sos.ca.gov/returns/ballot-measures/county/los-angeles
https://api.sos.ca.gov/returns/ballot-measures/county/madera
https://api.sos.ca.gov/returns/ballot-measures/county/marin
https://api.sos.ca.gov/returns/ballot-measures/county/mariposa
https://api.sos.ca.gov/returns/ballot-measures/county/mendocino
https://api.sos.ca.gov/returns/ballot-measures/county/merced
https://api.sos.ca.gov/returns/ballot-measures/county/modoc
https://api.sos.ca.gov/returns/ballot-measures/county/mono
https://api.sos.ca.gov/returns/ballot-measures/county/monterey
https://api.sos.ca.gov/returns/ballot-measures/county/napa
https://api.sos.ca.gov/returns/ballot-measures/county/nevada
https://api.sos.ca.gov/returns/ballot-measures/county/orange
https://api.sos.ca.gov/returns/ballot-measures/county/placer
https://api.sos.ca.gov/returns/ballot-measures/county/plumas
https://api.sos.ca.gov/returns/ballot-measures/county/riverside
https://api.sos.ca.gov/returns/ballot-measures/county/sacramento
https://api.sos.ca.gov/returns/ballot-measures/county/san-benito
https://api.sos.ca.gov/returns/ballot-measures/county/san-bernardino
https://api.sos.ca.gov/returns/ballot-measures/county/san-diego
https://api.sos.ca.gov/returns/ballot-measures/county/san-francisco
https://api.sos.ca.gov/returns/ballot-measures/county/san-joaquin
https://api.sos.ca.gov/returns/ballot-measures/county/san-luis-obispo
https://api.sos.ca.gov/returns/ballot-measures/county/san-mateo
https://api.sos.ca.gov/returns/ballot-measures/county/santa-barbara
https://api.sos.ca.gov/returns/ballot-measures/county/santa-clara
https://api.sos.ca.gov/returns/ballot-measures/county/santa-cruz
https://api.sos.ca.gov/returns/ballot-measures/county/shasta
https://api.sos.ca.gov/returns/ballot-measures/county/sierra
https://api.sos.ca.gov/returns/ballot-measures/county/siskiyou
https://api.sos.ca.gov/returns/ballot-measures/county/solano
https://api.sos.ca.gov/returns/ballot-measures/county/sonoma
https://api.sos.ca.gov/returns/ballot-measures/county/stanislaus
https://api.sos.ca.gov/returns/ballot-measures/county/sutter
https://api.sos.ca.gov/returns/ballot-measures/county/tehama
https://api.sos.ca.gov/returns/ballot-measures/county/trinity
https://api.sos.ca.gov/returns/ballot-measures/county/tulare
https://api.sos.ca.gov/returns/ballot-measures/county/tuolumne
https://api.sos.ca.gov/returns/ballot-measures/county/ventura
https://api.sos.ca.gov/returns/ballot-measures/county/yolo
https://api.sos.ca.gov/returns/ballot-measures/county/yuba
https://api.sos.ca.gov/returns/ballot-measures/prop/1
https://api.sos.ca.gov/returns/ballot-measures/prop/26
https://api.sos.ca.gov/returns/ballot-measures/prop/27
https://api.sos.ca.gov/returns/ballot-measures/prop/28
https://api.sos.ca.gov/returns/ballot-measures/prop/29
https://api.sos.ca.gov/returns/ballot-measures/prop/30
https://api.sos.ca.gov/returns/ballot-measures/prop/31

https://api.sos.ca.gov/returns/board-of-equalization/district/1
https://api.sos.ca.gov/returns/board-of-equalization/district/1/county/alpine
https://api.sos.ca.gov/returns/board-of-equalization/district/1/county/amador
https://api.sos.ca.gov/returns/board-of-equalization/district/1/county/butte
https://api.sos.ca.gov/returns/board-of-equalization/district/1/county/calaveras
https://api.sos.ca.gov/returns/board-of-equalization/district/1/county/colusa
https://api.sos.ca.gov/returns/board-of-equalization/district/1/county/el-dorado
https://api.sos.ca.gov/returns/board-of-equalization/district/1/county/fresno
https://api.sos.ca.gov/returns/board-of-equalization/district/1/county/glenn
https://api.sos.ca.gov/returns/board-of-equalization/district/1/county/inyo
https://api.sos.ca.gov/returns/board-of-equalization/district/1/county/kern
https://api.sos.ca.gov/returns/board-of-equalization/district/1/county/kings
https://api.sos.ca.gov/returns/board-of-equalization/district/1/county/lassen
https://api.sos.ca.gov/returns/board-of-equalization/district/1/county/madera
https://api.sos.ca.gov/returns/board-of-equalization/district/1/county/mariposa
https://api.sos.ca.gov/returns/board-of-equalization/district/1/county/merced
https://api.sos.ca.gov/returns/board-of-equalization/district/1/county/modoc
https://api.sos.ca.gov/returns/board-of-equalization/district/1/county/mono
https://api.sos.ca.gov/returns/board-of-equalization/district/1/county/nevada
https://api.sos.ca.gov/returns/board-of-equalization/district/1/county/placer
https://api.sos.ca.gov/returns/board-of-equalization/district/1/county/plumas
https://api.sos.ca.gov/returns/board-of-equalization/district/1/county/sacramento
https://api.sos.ca.gov/returns/board-of-equalization/district/1/county/san-bernardino
https://api.sos.ca.gov/returns/board-of-equalization/district/1/county/san-joaquin
https://api.sos.ca.gov/returns/board-of-equalization/district/1/county/shasta
https://api.sos.ca.gov/returns/board-of-equalization/district/1/county/sierra
https://api.sos.ca.gov/returns/board-of-equalization/district/1/county/siskiyou
https://api.sos.ca.gov/returns/board-of-equalization/district/1/county/solano
https://api.sos.ca.gov/returns/board-of-equalization/district/1/county/stanislaus
https://api.sos.ca.gov/returns/board-of-equalization/district/1/county/sutter
https://api.sos.ca.gov/returns/board-of-equalization/district/1/county/tehama
https://api.sos.ca.gov/returns/board-of-equalization/district/1/county/tulare
https://api.sos.ca.gov/returns/board-of-equalization/district/1/county/tuolumne
https://api.sos.ca.gov/returns/board-of-equalization/district/1/county/yolo
https://api.sos.ca.gov/returns/board-of-equalization/district/1/county/yuba
https://api.sos.ca.gov/returns/board-of-equalization/district/2
https://api.sos.ca.gov/returns/board-of-equalization/district/2/county/alameda
https://api.sos.ca.gov/returns/board-of-equalization/district/2/county/contra-costa
https://api.sos.ca.gov/returns/board-of-equalization/district/2/county/del-norte
https://api.sos.ca.gov/returns/board-of-equalization/district/2/county/humboldt
https://api.sos.ca.gov/returns/board-of-equalization/district/2/county/lake
https://api.sos.ca.gov/returns/board-of-equalization/district/2/county/marin
https://api.sos.ca.gov/returns/board-of-equalization/district/2/county/mendocino
https://api.sos.ca.gov/returns/board-of-equalization/district/2/county/monterey
https://api.sos.ca.gov/returns/board-of-equalization/district/2/county/napa
https://api.sos.ca.gov/returns/board-of-equalization/district/2/county/san-benito
https://api.sos.ca.gov/returns/board-of-equalization/district/2/county/san-francisco
https://api.sos.ca.gov/returns/board-of-equalization/district/2/county/san-luis-obispo
https://api.sos.ca.gov/returns/board-of-equalization/district/2/county/san-mateo
https://api.sos.ca.gov/returns/board-of-equalization/district/2/county/santa-barbara
https://api.sos.ca.gov/returns/board-of-equalization/district/2/county/santa-clara
https://api.sos.ca.gov/returns/board-of-equalization/district/2/county/santa-cruz
https://api.sos.ca.gov/returns/board-of-equalization/district/2/county/sonoma
https://api.sos.ca.gov/returns/board-of-equalization/district/2/county/trinity
https://api.sos.ca.gov/returns/board-of-equalization/district/2/county/ventura
https://api.sos.ca.gov/returns/board-of-equalization/district/3
https://api.sos.ca.gov/returns/board-of-equalization/district/3/county/los-angeles
https://api.sos.ca.gov/returns/board-of-equalization/district/4
https://api.sos.ca.gov/returns/board-of-equalization/district/4/county/imperial
https://api.sos.ca.gov/returns/board-of-equalization/district/4/county/orange
https://api.sos.ca.gov/returns/board-of-equalization/district/4/county/riverside
https://api.sos.ca.gov/returns/board-of-equalization/district/4/county/san-bernardino
https://api.sos.ca.gov/returns/board-of-equalization/district/4/county/san-diego
https://api.sos.ca.gov/returns/board-of-equalization/district/all

https://api.sos.ca.gov/returns/us-rep/district/1
https://api.sos.ca.gov/returns/us-rep/district/1/county/butte
https://api.sos.ca.gov/returns/us-rep/district/1/county/colusa
https://api.sos.ca.gov/returns/us-rep/district/1/county/glenn
https://api.sos.ca.gov/returns/us-rep/district/1/county/lassen
https://api.sos.ca.gov/returns/us-rep/district/1/county/modoc
https://api.sos.ca.gov/returns/us-rep/district/1/county/shasta
https://api.sos.ca.gov/returns/us-rep/district/1/county/siskiyou
https://api.sos.ca.gov/returns/us-rep/district/1/county/sutter
https://api.sos.ca.gov/returns/us-rep/district/1/county/tehama
https://api.sos.ca.gov/returns/us-rep/district/1/county/yuba
https://api.sos.ca.gov/returns/us-rep/district/10
https://api.sos.ca.gov/returns/us-rep/district/10/county/alameda
https://api.sos.ca.gov/returns/us-rep/district/10/county/contra-costa
https://api.sos.ca.gov/returns/us-rep/district/11
https://api.sos.ca.gov/returns/us-rep/district/11/county/san-francisco
https://api.sos.ca.gov/returns/us-rep/district/12
https://api.sos.ca.gov/returns/us-rep/district/12/county/alameda
https://api.sos.ca.gov/returns/us-rep/district/12/county/san-francisco
https://api.sos.ca.gov/returns/us-rep/district/13
https://api.sos.ca.gov/returns/us-rep/district/13/county/fresno
https://api.sos.ca.gov/returns/us-rep/district/13/county/madera
https://api.sos.ca.gov/returns/us-rep/district/13/county/merced
https://api.sos.ca.gov/returns/us-rep/district/13/county/san-joaquin
https://api.sos.ca.gov/returns/us-rep/district/13/county/stanislaus
https://api.sos.ca.gov/returns/us-rep/district/14
https://api.sos.ca.gov/returns/us-rep/district/14/county/alameda
https://api.sos.ca.gov/returns/us-rep/district/15
https://api.sos.ca.gov/returns/us-rep/district/15/county/san-francisco
https://api.sos.ca.gov/returns/us-rep/district/15/county/san-mateo
https://api.sos.ca.gov/returns/us-rep/district/16
https://api.sos.ca.gov/returns/us-rep/district/16/county/san-mateo
https://api.sos.ca.gov/returns/us-rep/district/16/county/santa-clara
https://api.sos.ca.gov/returns/us-rep/district/17
https://api.sos.ca.gov/returns/us-rep/district/17/county/alameda
https://api.sos.ca.gov/returns/us-rep/district/17/county/santa-clara
https://api.sos.ca.gov/returns/us-rep/district/18
https://api.sos.ca.gov/returns/us-rep/district/18/county/monterey
https://api.sos.ca.gov/returns/us-rep/district/18/county/san-benito
https://api.sos.ca.gov/returns/us-rep/district/18/county/santa-clara
https://api.sos.ca.gov/returns/us-rep/district/18/county/santa-cruz
https://api.sos.ca.gov/returns/us-rep/district/19
https://api.sos.ca.gov/returns/us-rep/district/19/county/monterey
https://api.sos.ca.gov/returns/us-rep/district/19/county/san-luis-obispo
https://api.sos.ca.gov/returns/us-rep/district/19/county/santa-clara
https://api.sos.ca.gov/returns/us-rep/district/19/county/santa-cruz
https://api.sos.ca.gov/returns/us-rep/district/2
https://api.sos.ca.gov/returns/us-rep/district/2/county/del-norte
https://api.sos.ca.gov/returns/us-rep/district/2/county/humboldt
https://api.sos.ca.gov/returns/us-rep/district/2/county/marin
https://api.sos.ca.gov/returns/us-rep/district/2/county/mendocino
https://api.sos.ca.gov/returns/us-rep/district/2/county/san-francisco
https://api.sos.ca.gov/returns/us-rep/district/2/county/sonoma
https://api.sos.ca.gov/returns/us-rep/district/2/county/trinity
https://api.sos.ca.gov/returns/us-rep/district/20
https://api.sos.ca.gov/returns/us-rep/district/20/county/fresno
https://api.sos.ca.gov/returns/us-rep/district/20/county/kern
https://api.sos.ca.gov/returns/us-rep/district/20/county/kings
https://api.sos.ca.gov/returns/us-rep/district/20/county/tulare
https://api.sos.ca.gov/returns/us-rep/district/21
https://api.sos.ca.gov/returns/us-rep/district/21/county/fresno
https://api.sos.ca.gov/returns/us-rep/district/21/county/tulare
https://api.sos.ca.gov/returns/us-rep/district/22
https://api.sos.ca.gov/returns/us-rep/district/22/county/kings
https://api.sos.ca.gov/returns/us-rep/district/22/county/tulare
https://api.sos.ca.gov/returns/us-rep/district/23
https://api.sos.ca.gov/returns/us-rep/district/23/county/kern
https://api.sos.ca.gov/returns/us-rep/district/23/county/los-angeles
https://api.sos.ca.gov/returns/us-rep/district/23/county/san-bernardino
https://api.sos.ca.gov/returns/us-rep/district/24
https://api.sos.ca.gov/returns/us-rep/district/24/county/san-luis-obispo
https://api.sos.ca.gov/returns/us-rep/district/24/county/santa-barbara
https://api.sos.ca.gov/returns/us-rep/district/24/county/ventura
https://api.sos.ca.gov/returns/us-rep/district/25
https://api.sos.ca.gov/returns/us-rep/district/25/county/imperial
https://api.sos.ca.gov/returns/us-rep/district/25/county/riverside
https://api.sos.ca.gov/returns/us-rep/district/25/county/san-bernardino
https://api.sos.ca.gov/returns/us-rep/district/26
https://api.sos.ca.gov/returns/us-rep/district/26/county/los-angeles
https://api.sos.ca.gov/returns/us-rep/district/26/county/ventura
https://api.sos.ca.gov/returns/us-rep/district/27
https://api.sos.ca.gov/returns/us-rep/district/27/county/los-angeles
https://api.sos.ca.gov/returns/us-rep/district/28
https://api.sos.ca.gov/returns/us-rep/district/28/county/los-angeles
https://api.sos.ca.gov/returns/us-rep/district/28/county/san-berbardion
https://api.sos.ca.gov/returns/us-rep/district/29
https://api.sos.ca.gov/returns/us-rep/district/29/county/los-angeles
https://api.sos.ca.gov/returns/us-rep/district/3
https://api.sos.ca.gov/returns/us-rep/district/3/county/alpine
https://api.sos.ca.gov/returns/us-rep/district/3/county/el-dorado
https://api.sos.ca.gov/returns/us-rep/district/3/county/inyo
https://api.sos.ca.gov/returns/us-rep/district/3/county/mono
https://api.sos.ca.gov/returns/us-rep/district/3/county/nevada
https://api.sos.ca.gov/returns/us-rep/district/3/county/placer
https://api.sos.ca.gov/returns/us-rep/district/3/county/plumas
https://api.sos.ca.gov/returns/us-rep/district/3/county/sacramento
https://api.sos.ca.gov/returns/us-rep/district/3/county/sierra
https://api.sos.ca.gov/returns/us-rep/district/3/county/yuba
https://api.sos.ca.gov/returns/us-rep/district/30
https://api.sos.ca.gov/returns/us-rep/district/30/county/los-angeles
https://api.sos.ca.gov/returns/us-rep/district/31
https://api.sos.ca.gov/returns/us-rep/district/31/county/los-angeles
https://api.sos.ca.gov/returns/us-rep/district/32
https://api.sos.ca.gov/returns/us-rep/district/32/county/los-angeles
https://api.sos.ca.gov/returns/us-rep/district/32/county/ventura
https://api.sos.ca.gov/returns/us-rep/district/33
https://api.sos.ca.gov/returns/us-rep/district/33/county/san-bernardino
https://api.sos.ca.gov/returns/us-rep/district/34
https://api.sos.ca.gov/returns/us-rep/district/34/county/los-angeles
https://api.sos.ca.gov/returns/us-rep/district/35
https://api.sos.ca.gov/returns/us-rep/district/35/county/los-angeles
https://api.sos.ca.gov/returns/us-rep/district/35/county/riverside
https://api.sos.ca.gov/returns/us-rep/district/36
https://api.sos.ca.gov/returns/us-rep/district/36/county/los-angeles
https://api.sos.ca.gov/returns/us-rep/district/37
https://api.sos.ca.gov/returns/us-rep/district/37/county/los-angeles
https://api.sos.ca.gov/returns/us-rep/district/38
https://api.sos.ca.gov/returns/us-rep/district/38/county/los-angeles
https://api.sos.ca.gov/returns/us-rep/district/38/county/orange
https://api.sos.ca.gov/returns/us-rep/district/39
https://api.sos.ca.gov/returns/us-rep/district/39/county/riverside
https://api.sos.ca.gov/returns/us-rep/district/4
https://api.sos.ca.gov/returns/us-rep/district/4/county/lake
https://api.sos.ca.gov/returns/us-rep/district/4/county/napa
https://api.sos.ca.gov/returns/us-rep/district/4/county/solano
https://api.sos.ca.gov/returns/us-rep/district/4/county/sonoma
https://api.sos.ca.gov/returns/us-rep/district/4/county/yolo
https://api.sos.ca.gov/returns/us-rep/district/40
https://api.sos.ca.gov/returns/us-rep/district/40/county/orange
https://api.sos.ca.gov/returns/us-rep/district/40/county/riverside
https://api.sos.ca.gov/returns/us-rep/district/40/county/san-barnardino
https://api.sos.ca.gov/returns/us-rep/district/41
https://api.sos.ca.gov/returns/us-rep/district/41/county/riverside
https://api.sos.ca.gov/returns/us-rep/district/42
https://api.sos.ca.gov/returns/us-rep/district/42/county/los-angeles
https://api.sos.ca.gov/returns/us-rep/district/43
https://api.sos.ca.gov/returns/us-rep/district/43/county/los-angeles
https://api.sos.ca.gov/returns/us-rep/district/44
https://api.sos.ca.gov/returns/us-rep/district/44/county/los-angeles
https://api.sos.ca.gov/returns/us-rep/district/45
https://api.sos.ca.gov/returns/us-rep/district/45/county/los-angeles
https://api.sos.ca.gov/returns/us-rep/district/45/county/orange
https://api.sos.ca.gov/returns/us-rep/district/46
https://api.sos.ca.gov/returns/us-rep/district/46/county/orange
https://api.sos.ca.gov/returns/us-rep/district/47
https://api.sos.ca.gov/returns/us-rep/district/47/county/orange
https://api.sos.ca.gov/returns/us-rep/district/48
https://api.sos.ca.gov/returns/us-rep/district/48/county/riverside
https://api.sos.ca.gov/returns/us-rep/district/48/county/san-diego
https://api.sos.ca.gov/returns/us-rep/district/49
https://api.sos.ca.gov/returns/us-rep/district/49/county/orange
https://api.sos.ca.gov/returns/us-rep/district/49/county/san-diego
https://api.sos.ca.gov/returns/us-rep/district/5
https://api.sos.ca.gov/returns/us-rep/district/5/county/amador
https://api.sos.ca.gov/returns/us-rep/district/5/county/calaveras
https://api.sos.ca.gov/returns/us-rep/district/5/county/el-dorado
https://api.sos.ca.gov/returns/us-rep/district/5/county/fresno
https://api.sos.ca.gov/returns/us-rep/district/5/county/madera
https://api.sos.ca.gov/returns/us-rep/district/5/county/mariposa
https://api.sos.ca.gov/returns/us-rep/district/5/county/stanislaus
https://api.sos.ca.gov/returns/us-rep/district/5/county/tuolumne
https://api.sos.ca.gov/returns/us-rep/district/50
https://api.sos.ca.gov/returns/us-rep/district/50/county/san-diego
https://api.sos.ca.gov/returns/us-rep/district/51
https://api.sos.ca.gov/returns/us-rep/district/51/county/san-diego
https://api.sos.ca.gov/returns/us-rep/district/52
https://api.sos.ca.gov/returns/us-rep/district/52/county/san-diego
https://api.sos.ca.gov/returns/us-rep/district/6
https://api.sos.ca.gov/returns/us-rep/district/6/county/sacramento
https://api.sos.ca.gov/returns/us-rep/district/7
https://api.sos.ca.gov/returns/us-rep/district/7/county/sacramento
https://api.sos.ca.gov/returns/us-rep/district/7/county/solano
https://api.sos.ca.gov/returns/us-rep/district/7/county/yolo
https://api.sos.ca.gov/returns/us-rep/district/8
https://api.sos.ca.gov/returns/us-rep/district/8/county/contra-costa
https://api.sos.ca.gov/returns/us-rep/district/8/county/solano
https://api.sos.ca.gov/returns/us-rep/district/9
https://api.sos.ca.gov/returns/us-rep/district/9/county/contra-costa
https://api.sos.ca.gov/returns/us-rep/district/9/county/san-joaquin
https://api.sos.ca.gov/returns/us-rep/district/9/county/stanislaus
https://api.sos.ca.gov/returns/us-rep/district/all

https://api.sos.ca.gov/returns/state-senate/district/10
https://api.sos.ca.gov/returns/state-senate/district/10/county/alameda
https://api.sos.ca.gov/returns/state-senate/district/10/county/santa-clara
https://api.sos.ca.gov/returns/state-senate/district/12
https://api.sos.ca.gov/returns/state-senate/district/12/county/fresno
https://api.sos.ca.gov/returns/state-senate/district/12/county/kern
https://api.sos.ca.gov/returns/state-senate/district/12/county/tulare
https://api.sos.ca.gov/returns/state-senate/district/14
https://api.sos.ca.gov/returns/state-senate/district/14/county/fresno
https://api.sos.ca.gov/returns/state-senate/district/14/county/madera
https://api.sos.ca.gov/returns/state-senate/district/14/county/merced
https://api.sos.ca.gov/returns/state-senate/district/14/county/tulare
https://api.sos.ca.gov/returns/state-senate/district/16
https://api.sos.ca.gov/returns/state-senate/district/16/county/fresno
https://api.sos.ca.gov/returns/state-senate/district/16/county/kern
https://api.sos.ca.gov/returns/state-senate/district/16/county/kings
https://api.sos.ca.gov/returns/state-senate/district/16/county/tulare
https://api.sos.ca.gov/returns/state-senate/district/18
https://api.sos.ca.gov/returns/state-senate/district/18/county/imperial
https://api.sos.ca.gov/returns/state-senate/district/18/county/riverside
https://api.sos.ca.gov/returns/state-senate/district/18/county/san-bernardino
https://api.sos.ca.gov/returns/state-senate/district/18/county/san-diego
https://api.sos.ca.gov/returns/state-senate/district/2
https://api.sos.ca.gov/returns/state-senate/district/2/county/del-norte
https://api.sos.ca.gov/returns/state-senate/district/2/county/humboldt
https://api.sos.ca.gov/returns/state-senate/district/2/county/lake
https://api.sos.ca.gov/returns/state-senate/district/2/county/marin
https://api.sos.ca.gov/returns/state-senate/district/2/county/mendocino
https://api.sos.ca.gov/returns/state-senate/district/2/county/san-francisco
https://api.sos.ca.gov/returns/state-senate/district/2/county/sonoma
https://api.sos.ca.gov/returns/state-senate/district/2/county/trinity
https://api.sos.ca.gov/returns/state-senate/district/20
https://api.sos.ca.gov/returns/state-senate/district/20/county/los-angeles
https://api.sos.ca.gov/returns/state-senate/district/22
https://api.sos.ca.gov/returns/state-senate/district/22/county/los-angeles
https://api.sos.ca.gov/returns/state-senate/district/22/county/san-bernardino
https://api.sos.ca.gov/returns/state-senate/district/24
https://api.sos.ca.gov/returns/state-senate/district/24/county/los-angeles
https://api.sos.ca.gov/returns/state-senate/district/26
https://api.sos.ca.gov/returns/state-senate/district/26/county/los-angeles
https://api.sos.ca.gov/returns/state-senate/district/28
https://api.sos.ca.gov/returns/state-senate/district/28/county/los-angeles
https://api.sos.ca.gov/returns/state-senate/district/30
https://api.sos.ca.gov/returns/state-senate/district/30/county/los-angeles
https://api.sos.ca.gov/returns/state-senate/district/30/county/orange
https://api.sos.ca.gov/returns/state-senate/district/32
https://api.sos.ca.gov/returns/state-senate/district/32/county/orange
https://api.sos.ca.gov/returns/state-senate/district/32/county/riverside
https://api.sos.ca.gov/returns/state-senate/district/32/county/san-bernardino
https://api.sos.ca.gov/returns/state-senate/district/32/county/san-diego
https://api.sos.ca.gov/returns/state-senate/district/34
https://api.sos.ca.gov/returns/state-senate/district/34/county/los-angeles
https://api.sos.ca.gov/returns/state-senate/district/34/county/orange
https://api.sos.ca.gov/returns/state-senate/district/36
https://api.sos.ca.gov/returns/state-senate/district/36/county/los-angeles
https://api.sos.ca.gov/returns/state-senate/district/36/county/orange
https://api.sos.ca.gov/returns/state-senate/district/38
https://api.sos.ca.gov/returns/state-senate/district/38/county/orange
https://api.sos.ca.gov/returns/state-senate/district/38/county/san-diego
https://api.sos.ca.gov/returns/state-senate/district/4
https://api.sos.ca.gov/returns/state-senate/district/4/county/alpine
https://api.sos.ca.gov/returns/state-senate/district/4/county/amador
https://api.sos.ca.gov/returns/state-senate/district/4/county/calaveras
https://api.sos.ca.gov/returns/state-senate/district/4/county/el-dorado
https://api.sos.ca.gov/returns/state-senate/district/4/county/inyo
https://api.sos.ca.gov/returns/state-senate/district/4/county/madera
https://api.sos.ca.gov/returns/state-senate/district/4/county/mariposa
https://api.sos.ca.gov/returns/state-senate/district/4/county/merced
https://api.sos.ca.gov/returns/state-senate/district/4/county/mono
https://api.sos.ca.gov/returns/state-senate/district/4/county/nevada
https://api.sos.ca.gov/returns/state-senate/district/4/county/placer
https://api.sos.ca.gov/returns/state-senate/district/4/county/stanislaus
https://api.sos.ca.gov/returns/state-senate/district/4/county/tuolumne
https://api.sos.ca.gov/returns/state-senate/district/40
https://api.sos.ca.gov/returns/state-senate/district/40/county/san-diego
https://api.sos.ca.gov/returns/state-senate/district/6
https://api.sos.ca.gov/returns/state-senate/district/6/county/placer
https://api.sos.ca.gov/returns/state-senate/district/6/county/sacramento
https://api.sos.ca.gov/returns/state-senate/district/8
https://api.sos.ca.gov/returns/state-senate/district/8/county/sacramento
https://api.sos.ca.gov/returns/state-senate/district/all

https://api.sos.ca.gov/returns/state-assembly/district/1
https://api.sos.ca.gov/returns/state-assembly/district/1/county/alpine
https://api.sos.ca.gov/returns/state-assembly/district/1/county/amador
https://api.sos.ca.gov/returns/state-assembly/district/1/county/el-dorado
https://api.sos.ca.gov/returns/state-assembly/district/1/county/lassen
https://api.sos.ca.gov/returns/state-assembly/district/1/county/modoc
https://api.sos.ca.gov/returns/state-assembly/district/1/county/nevada
https://api.sos.ca.gov/returns/state-assembly/district/1/county/placer
https://api.sos.ca.gov/returns/state-assembly/district/1/county/plumas
https://api.sos.ca.gov/returns/state-assembly/district/1/county/shasta
https://api.sos.ca.gov/returns/state-assembly/district/1/county/sierra
https://api.sos.ca.gov/returns/state-assembly/district/1/county/siskiyou
https://api.sos.ca.gov/returns/state-assembly/district/10
https://api.sos.ca.gov/returns/state-assembly/district/10/county/sacramento
https://api.sos.ca.gov/returns/state-assembly/district/11
https://api.sos.ca.gov/returns/state-assembly/district/11/county/contra-costa
https://api.sos.ca.gov/returns/state-assembly/district/11/county/sacramento
https://api.sos.ca.gov/returns/state-assembly/district/11/county/solano
https://api.sos.ca.gov/returns/state-assembly/district/12
https://api.sos.ca.gov/returns/state-assembly/district/12/county/marin
https://api.sos.ca.gov/returns/state-assembly/district/12/county/san-francisco
https://api.sos.ca.gov/returns/state-assembly/district/12/county/sanoma
https://api.sos.ca.gov/returns/state-assembly/district/13
https://api.sos.ca.gov/returns/state-assembly/district/13/county/san-joaquin
https://api.sos.ca.gov/returns/state-assembly/district/14
https://api.sos.ca.gov/returns/state-assembly/district/14/county/alameda
https://api.sos.ca.gov/returns/state-assembly/district/14/county/contra-costa
https://api.sos.ca.gov/returns/state-assembly/district/15
https://api.sos.ca.gov/returns/state-assembly/district/15/county/contra-costa
https://api.sos.ca.gov/returns/state-assembly/district/16
https://api.sos.ca.gov/returns/state-assembly/district/16/county/alameda
https://api.sos.ca.gov/returns/state-assembly/district/16/county/contra-costa
https://api.sos.ca.gov/returns/state-assembly/district/17
https://api.sos.ca.gov/returns/state-assembly/district/17/county/san-francisco
https://api.sos.ca.gov/returns/state-assembly/district/18
https://api.sos.ca.gov/returns/state-assembly/district/18/county/alameda
https://api.sos.ca.gov/returns/state-assembly/district/18/county/san-francisco
https://api.sos.ca.gov/returns/state-assembly/district/19
https://api.sos.ca.gov/returns/state-assembly/district/19/county/san-francisco
https://api.sos.ca.gov/returns/state-assembly/district/19/county/san-mateo
https://api.sos.ca.gov/returns/state-assembly/district/2
https://api.sos.ca.gov/returns/state-assembly/district/2/county/del-norte
https://api.sos.ca.gov/returns/state-assembly/district/2/county/humboldt
https://api.sos.ca.gov/returns/state-assembly/district/2/county/mendocino
https://api.sos.ca.gov/returns/state-assembly/district/2/county/sonoma
https://api.sos.ca.gov/returns/state-assembly/district/2/county/trinity
https://api.sos.ca.gov/returns/state-assembly/district/20
https://api.sos.ca.gov/returns/state-assembly/district/20/county/alameda
https://api.sos.ca.gov/returns/state-assembly/district/21
https://api.sos.ca.gov/returns/state-assembly/district/21/county/san-mateo
https://api.sos.ca.gov/returns/state-assembly/district/22
https://api.sos.ca.gov/returns/state-assembly/district/22/county/merced
https://api.sos.ca.gov/returns/state-assembly/district/22/county/stanislaus
https://api.sos.ca.gov/returns/state-assembly/district/23
https://api.sos.ca.gov/returns/state-assembly/district/23/county/san-mateo
https://api.sos.ca.gov/returns/state-assembly/district/23/county/santa-clara
https://api.sos.ca.gov/returns/state-assembly/district/24
https://api.sos.ca.gov/returns/state-assembly/district/24/county/alameda
https://api.sos.ca.gov/returns/state-assembly/district/24/county/santa-clara
https://api.sos.ca.gov/returns/state-assembly/district/25
https://api.sos.ca.gov/returns/state-assembly/district/25/county/santa-clara
https://api.sos.ca.gov/returns/state-assembly/district/26
https://api.sos.ca.gov/returns/state-assembly/district/26/county/santa-clara
https://api.sos.ca.gov/returns/state-assembly/district/27
https://api.sos.ca.gov/returns/state-assembly/district/27/county/fresno
https://api.sos.ca.gov/returns/state-assembly/district/27/county/madera
https://api.sos.ca.gov/returns/state-assembly/district/27/county/merced
https://api.sos.ca.gov/returns/state-assembly/district/28
https://api.sos.ca.gov/returns/state-assembly/district/28/county/santa-clara
https://api.sos.ca.gov/returns/state-assembly/district/28/county/santa-cruz
https://api.sos.ca.gov/returns/state-assembly/district/29
https://api.sos.ca.gov/returns/state-assembly/district/29/county/monterey
https://api.sos.ca.gov/returns/state-assembly/district/29/county/san-benito
https://api.sos.ca.gov/returns/state-assembly/district/29/county/sata-clara
https://api.sos.ca.gov/returns/state-assembly/district/29/county/santa-cruz
https://api.sos.ca.gov/returns/state-assembly/district/3
https://api.sos.ca.gov/returns/state-assembly/district/3/county/butte
https://api.sos.ca.gov/returns/state-assembly/district/3/county/glenn
https://api.sos.ca.gov/returns/state-assembly/district/3/county/sutter
https://api.sos.ca.gov/returns/state-assembly/district/3/county/tehama
https://api.sos.ca.gov/returns/state-assembly/district/3/county/yuba
https://api.sos.ca.gov/returns/state-assembly/district/30
https://api.sos.ca.gov/returns/state-assembly/district/30/county/monterey
https://api.sos.ca.gov/returns/state-assembly/district/30/county/san-luis-obispo
https://api.sos.ca.gov/returns/state-assembly/district/30/county/santa-cruz
https://api.sos.ca.gov/returns/state-assembly/district/31
https://api.sos.ca.gov/returns/state-assembly/district/31/county/fresno
https://api.sos.ca.gov/returns/state-assembly/district/32
https://api.sos.ca.gov/returns/state-assembly/district/32/county/kern
https://api.sos.ca.gov/returns/state-assembly/district/32/county/tulare
https://api.sos.ca.gov/returns/state-assembly/district/33
https://api.sos.ca.gov/returns/state-assembly/district/33/county/fresno
https://api.sos.ca.gov/returns/state-assembly/district/33/county/kings
https://api.sos.ca.gov/returns/state-assembly/district/33/county/tulare
https://api.sos.ca.gov/returns/state-assembly/district/34
https://api.sos.ca.gov/returns/state-assembly/district/34/county/kern
https://api.sos.ca.gov/returns/state-assembly/district/34/county/los-angeles
https://api.sos.ca.gov/returns/state-assembly/district/34/county/san-bernardino
https://api.sos.ca.gov/returns/state-assembly/district/35
https://api.sos.ca.gov/returns/state-assembly/district/35/county/kern
https://api.sos.ca.gov/returns/state-assembly/district/36
https://api.sos.ca.gov/returns/state-assembly/district/36/county/imperial
https://api.sos.ca.gov/returns/state-assembly/district/36/county/riverside
https://api.sos.ca.gov/returns/state-assembly/district/36/county/san-bernardino
https://api.sos.ca.gov/returns/state-assembly/district/37
https://api.sos.ca.gov/returns/state-assembly/district/37/county/san-luis-obispo
https://api.sos.ca.gov/returns/state-assembly/district/37/county/santa-barbara
https://api.sos.ca.gov/returns/state-assembly/district/38
https://api.sos.ca.gov/returns/state-assembly/district/38/county/ventura
https://api.sos.ca.gov/returns/state-assembly/district/39
https://api.sos.ca.gov/returns/state-assembly/district/39/county/los-angeles
https://api.sos.ca.gov/returns/state-assembly/district/39/county/san-bernardino
https://api.sos.ca.gov/returns/state-assembly/district/4
https://api.sos.ca.gov/returns/state-assembly/district/4/county/colusa
https://api.sos.ca.gov/returns/state-assembly/district/4/county/lake
https://api.sos.ca.gov/returns/state-assembly/district/4/county/napa
https://api.sos.ca.gov/returns/state-assembly/district/4/county/sonoma
https://api.sos.ca.gov/returns/state-assembly/district/4/county/yolo
https://api.sos.ca.gov/returns/state-assembly/district/40
https://api.sos.ca.gov/returns/state-assembly/district/40/county/los-angeles
https://api.sos.ca.gov/returns/state-assembly/district/41
https://api.sos.ca.gov/returns/state-assembly/district/41/county/los-angeles
https://api.sos.ca.gov/returns/state-assembly/district/41/county/san-bernardino
https://api.sos.ca.gov/returns/state-assembly/district/42
https://api.sos.ca.gov/returns/state-assembly/district/42/county/los-angeles
https://api.sos.ca.gov/returns/state-assembly/district/42/county/ventura
https://api.sos.ca.gov/returns/state-assembly/district/43
https://api.sos.ca.gov/returns/state-assembly/district/43/county/los-angeles
https://api.sos.ca.gov/returns/state-assembly/district/44
https://api.sos.ca.gov/returns/state-assembly/district/44/county/los-angeles
https://api.sos.ca.gov/returns/state-assembly/district/44/county/ventura
https://api.sos.ca.gov/returns/state-assembly/district/45
https://api.sos.ca.gov/returns/state-assembly/district/45/county/los-angeles
https://api.sos.ca.gov/returns/state-assembly/district/46
https://api.sos.ca.gov/returns/state-assembly/district/46/county/los-angeles
https://api.sos.ca.gov/returns/state-assembly/district/46/county/ventura
https://api.sos.ca.gov/returns/state-assembly/district/47
https://api.sos.ca.gov/returns/state-assembly/district/47/county/riverside
https://api.sos.ca.gov/returns/state-assembly/district/47/county/san-bernardino
https://api.sos.ca.gov/returns/state-assembly/district/48
https://api.sos.ca.gov/returns/state-assembly/district/48/county/los-angeles
https://api.sos.ca.gov/returns/state-assembly/district/49
https://api.sos.ca.gov/returns/state-assembly/district/49/county/los-angeles
https://api.sos.ca.gov/returns/state-assembly/district/5
https://api.sos.ca.gov/returns/state-assembly/district/5/county/el-dorado
https://api.sos.ca.gov/returns/state-assembly/district/5/county/placer
https://api.sos.ca.gov/returns/state-assembly/district/50
https://api.sos.ca.gov/returns/state-assembly/district/50/county/san-bernardino
https://api.sos.ca.gov/returns/state-assembly/district/51
https://api.sos.ca.gov/returns/state-assembly/district/51/county/los-angeles
https://api.sos.ca.gov/returns/state-assembly/district/52
https://api.sos.ca.gov/returns/state-assembly/district/52/county/los-angeles
https://api.sos.ca.gov/returns/state-assembly/district/53
https://api.sos.ca.gov/returns/state-assembly/district/53/county/los-angeles
https://api.sos.ca.gov/returns/state-assembly/district/53/county/san-bernardino
https://api.sos.ca.gov/returns/state-assembly/district/54
https://api.sos.ca.gov/returns/state-assembly/district/54/county/los-angeles
https://api.sos.ca.gov/returns/state-assembly/district/55
https://api.sos.ca.gov/returns/state-assembly/district/55/county/los-angeles
https://api.sos.ca.gov/returns/state-assembly/district/56
https://api.sos.ca.gov/returns/state-assembly/district/56/county/los-angeles
https://api.sos.ca.gov/returns/state-assembly/district/57
https://api.sos.ca.gov/returns/state-assembly/district/57/county/los-angeles
https://api.sos.ca.gov/returns/state-assembly/district/58
https://api.sos.ca.gov/returns/state-assembly/district/58/county/riverside
https://api.sos.ca.gov/returns/state-assembly/district/58/county/san-bernardino
https://api.sos.ca.gov/returns/state-assembly/district/59
https://api.sos.ca.gov/returns/state-assembly/district/59/county/orange
https://api.sos.ca.gov/returns/state-assembly/district/6
https://api.sos.ca.gov/returns/state-assembly/district/6/county/sacramento
https://api.sos.ca.gov/returns/state-assembly/district/60
https://api.sos.ca.gov/returns/state-assembly/district/60/county/riverside
https://api.sos.ca.gov/returns/state-assembly/district/61
https://api.sos.ca.gov/returns/state-assembly/district/61/county/los-angeles
https://api.sos.ca.gov/returns/state-assembly/district/62
https://api.sos.ca.gov/returns/state-assembly/district/62/county/los-angeles
https://api.sos.ca.gov/returns/state-assembly/district/63
https://api.sos.ca.gov/returns/state-assembly/district/63/county/riverside
https://api.sos.ca.gov/returns/state-assembly/district/64
https://api.sos.ca.gov/returns/state-assembly/district/64/county/los-angeles
https://api.sos.ca.gov/returns/state-assembly/district/64/county/orange
https://api.sos.ca.gov/returns/state-assembly/district/65
https://api.sos.ca.gov/returns/state-assembly/district/65/county/los-angeles
https://api.sos.ca.gov/returns/state-assembly/district/66
https://api.sos.ca.gov/returns/state-assembly/district/66/county/los-angeles
https://api.sos.ca.gov/returns/state-assembly/district/67
https://api.sos.ca.gov/returns/state-assembly/district/67/county/los-angeles
https://api.sos.ca.gov/returns/state-assembly/district/67/county/orange
https://api.sos.ca.gov/returns/state-assembly/district/68
https://api.sos.ca.gov/returns/state-assembly/district/68/county/orange
https://api.sos.ca.gov/returns/state-assembly/district/69
https://api.sos.ca.gov/returns/state-assembly/district/69/county/los-angeles
https://api.sos.ca.gov/returns/state-assembly/district/7
https://api.sos.ca.gov/returns/state-assembly/district/7/county/sacramento
https://api.sos.ca.gov/returns/state-assembly/district/70
https://api.sos.ca.gov/returns/state-assembly/district/70/county/orange
https://api.sos.ca.gov/returns/state-assembly/district/71
https://api.sos.ca.gov/returns/state-assembly/district/71/county/orange
https://api.sos.ca.gov/returns/state-assembly/district/71/county/riverside
https://api.sos.ca.gov/returns/state-assembly/district/72
https://api.sos.ca.gov/returns/state-assembly/district/72/county/orange
https://api.sos.ca.gov/returns/state-assembly/district/73
https://api.sos.ca.gov/returns/state-assembly/district/73/county/orange
https://api.sos.ca.gov/returns/state-assembly/district/74
https://api.sos.ca.gov/returns/state-assembly/district/74/county/orange
https://api.sos.ca.gov/returns/state-assembly/district/74/county/san-diego
https://api.sos.ca.gov/returns/state-assembly/district/75
https://api.sos.ca.gov/returns/state-assembly/district/75/county/san-diego
https://api.sos.ca.gov/returns/state-assembly/district/76
https://api.sos.ca.gov/returns/state-assembly/district/76/county/san-diego
https://api.sos.ca.gov/returns/state-assembly/district/77
https://api.sos.ca.gov/returns/state-assembly/district/77/county/san-diego
https://api.sos.ca.gov/returns/state-assembly/district/78
https://api.sos.ca.gov/returns/state-assembly/district/78/county/san-diego
https://api.sos.ca.gov/returns/state-assembly/district/79
https://api.sos.ca.gov/returns/state-assembly/district/79/county/san-diego
https://api.sos.ca.gov/returns/state-assembly/district/8
https://api.sos.ca.gov/returns/state-assembly/district/8/county/calaveras
https://api.sos.ca.gov/returns/state-assembly/district/8/county/fresno
https://api.sos.ca.gov/returns/state-assembly/district/8/county/inyo
https://api.sos.ca.gov/returns/state-assembly/district/8/county/madera
https://api.sos.ca.gov/returns/state-assembly/district/8/county/mariposa
https://api.sos.ca.gov/returns/state-assembly/district/8/county/mono
https://api.sos.ca.gov/returns/state-assembly/district/8/county/tuolumne
https://api.sos.ca.gov/returns/state-assembly/district/80
https://api.sos.ca.gov/returns/state-assembly/district/80/county/san-diego
https://api.sos.ca.gov/returns/state-assembly/district/9
https://api.sos.ca.gov/returns/state-assembly/district/9/county/amador
https://api.sos.ca.gov/returns/state-assembly/district/9/county/calaveras
https://api.sos.ca.gov/returns/state-assembly/district/9/county/sacramento
https://api.sos.ca.gov/returns/state-assembly/district/9/county/san-joaquin
https://api.sos.ca.gov/returns/state-assembly/district/9/county/stanislaus
https://api.sos.ca.gov/returns/state-assembly/district/all

https://api.sos.ca.gov/returns/courts-of-appeal/district/1
https://api.sos.ca.gov/returns/courts-of-appeal/district/2
https://api.sos.ca.gov/returns/courts-of-appeal/district/3
https://api.sos.ca.gov/returns/courts-of-appeal/district/4
https://api.sos.ca.gov/returns/courts-of-appeal/district/5
https://api.sos.ca.gov/returns/courts-of-appeal/district/6

https://api.sos.ca.gov/returns/status
